{"cameraMode":{"drawMode":0,"name":"Shaded","section":"Shading Mode"},"sceneLighting":true,"audioPlay":false,"sceneViewState":{"m_AlwaysRefresh":false,"showFog":true,"showSkybox":true,"showFlares":true,"showImageEffects":true,"showParticleSystems":true,"showVisualEffectGraphs":true,"m_FxEnabled":true},"in2DMode":false,"pivot":{"x":-0.6662982106208801,"y":0.20900489389896394,"z":-2.711534023284912},"rotation":{"x":0.12656725943088532,"y":0.5150649547576904,"z":-0.07721559703350067,"w":0.8442354202270508},"size":2.8871004581451418,"orthographic":false}